{
  "baseline": 11.78404759014649,
  "n_eval_tokens": 32768,
  "uniform": 254736.58531910193,
  "mean": 3295199.816600511,
  "ones": 607770.6108345571
}