{
  "baseline": 16.835193634033203,
  "per_layer": [
    59.61252975463867,
    253.40353393554688,
    60114.1640625,
    304.7823181152344,
    155.776123046875,
    2375.025146484375,
    174.28372192382812,
    192.54827880859375,
    353.6341247558594,
    52.994110107421875,
    225.52699279785156,
    67.07056427001953,
    36.6735954284668,
    38.94096755981445,
    44.35609436035156,
    64.71854400634766,
    79.97227478027344,
    164.69871520996094,
    65.46631622314453,
    166.91688537597656,
    127.30663299560547,
    825.232666015625,
    31.304431915283203,
    68.21102142333984
  ],
  "mode": "ones",
  "n_layers": 24
}