{
  "baseline": 16.835189819335938,
  "uniform": 272374.84375,
  "mean": 6412051.5,
  "ones": 737653.5
}