{
  "lambdas": [
    0.0,
    0.1,
    0.2,
    0.3,
    0.4,
    0.5,
    0.6,
    0.7,
    0.8,
    0.9,
    1.0
  ],
  "ppls": [
    16.835189819335938,
    17.8746280670166,
    22.228601455688477,
    37.40568923950195,
    135.8797607421875,
    1083.9345703125,
    7402.28515625,
    73143.953125,
    1006029.3125,
    5436209.5,
    6412051.5
  ]
}