{
  "baseline": 16.835189819335938,
  "mean": {
    "0": 18.169376373291016,
    "1": 19.10698890686035,
    "2": 32.897117614746094,
    "3": 20.692672729492188,
    "4": 18.843727111816406,
    "5": 18.9873046875,
    "6": 18.375484466552734,
    "7": 17.869544982910156,
    "8": 17.855758666992188,
    "9": 17.12980842590332,
    "10": 17.5546817779541,
    "11": 17.293127059936523,
    "12": 17.294937133789062,
    "13": 17.292129516601562,
    "14": 17.513044357299805,
    "15": 17.868654251098633,
    "16": 18.269912719726562,
    "17": 18.699140548706055,
    "18": 18.17396354675293,
    "19": 20.170602798461914,
    "20": 19.76079750061035,
    "21": 19.352401733398438,
    "22": 19.093801498413086,
    "23": 29.518936157226562
  },
  "uniform": {
    "0": 21.777368545532227,
    "1": 45.95212936401367,
    "2": 53811.3125,
    "3": 38.91360092163086,
    "4": 34.49045944213867,
    "5": 253.9088592529297,
    "6": 35.856956481933594,
    "7": 28.207883834838867,
    "8": 49.28199768066406,
    "9": 19.69795036315918,
    "10": 22.08061408996582,
    "11": 19.67654037475586,
    "12": 19.257089614868164,
    "13": 19.608551025390625,
    "14": 19.954662322998047,
    "15": 21.58998680114746,
    "16": 25.148714065551758,
    "17": 34.78236389160156,
    "18": 23.14760398864746,
    "19": 40.265350341796875,
    "20": 34.298248291015625,
    "21": 119.91380310058594,
    "22": 21.02083969116211,
    "23": 41.21959686279297
  },
  "ones": {
    "0": 59.61219024658203,
    "1": 253.4033966064453,
    "2": 60114.21484375,
    "3": 304.78289794921875,
    "4": 155.77606201171875,
    "5": 2375.016845703125,
    "6": 174.2840576171875,
    "7": 192.54827880859375,
    "8": 353.6334228515625,
    "9": 52.99412155151367,
    "10": 225.52784729003906,
    "11": 67.07075500488281,
    "12": 36.67360305786133,
    "13": 38.94097900390625,
    "14": 44.356075286865234,
    "15": 64.71851348876953,
    "16": 79.97235870361328,
    "17": 164.69873046875,
    "18": 65.4662857055664,
    "19": 166.91680908203125,
    "20": 127.30657196044922,
    "21": 825.2315063476562,
    "22": 31.304431915283203,
    "23": 68.21102905273438
  }
}