{
  "4": {
    "k": 4,
    "m": 16,
    "val_mse": 2.4744424851998337e-14,
    "n_val": 5000
  },
  "8": {
    "k": 8,
    "m": 64,
    "val_mse": 1.8555182090336148e-13,
    "n_val": 5000
  },
  "16": {
    "k": 16,
    "m": 256,
    "val_mse": 1.4186323176376734e-12,
    "n_val": 5000
  }
}